Escenario,HARS Original (seg),Barella-HARS (seg),Speedup
Escenario 1 (Alta Complejidad / Solapamiento),1.0008876323699951,0.4497647285461426,2.2253582125155718
Escenario 2 (Baja Complejidad / Separación),2.7971227169036865,0.5313143730163574,5.264534254972192
